epoch,acc,loss,lr,val_acc,val_loss
0,0.50458146606914211,1.7618656528591345,0.001,0.61680000000000001,1.3790592880249024
